x,y,wildebeest,transect_id,photo_area
0.00,0.00,1287730,-1,0
90.00,135.00,0,1,48600.000000
590.00,135.00,0,1,48600.000000
1090.00,135.00,0,1,48600.000000
1590.00,135.00,0,1,48600.000000
2090.00,135.00,0,1,48600.000000
2590.00,135.00,0,1,48600.000000
3090.00,135.00,0,1,48600.000000
3590.00,135.00,131,1,48600.000000
4090.00,135.00,168,1,48600.000000
4590.00,135.00,162,1,48600.000000
5090.00,135.00,265,1,48600.000000
5590.00,135.00,162,1,48600.000000
6090.00,135.00,31,1,48600.000000
6590.00,135.00,56,1,48600.000000
7090.00,135.00,64,1,48600.000000
7590.00,135.00,25,1,48600.000000
8090.00,135.00,0,1,48600.000000
8590.00,135.00,0,1,48600.000000
9090.00,135.00,0,1,48600.000000
9590.00,135.00,0,1,48600.000000
10090.00,135.00,0,1,48600.000000
10590.00,135.00,0,1,48600.000000
11090.00,135.00,0,1,48600.000000
11590.00,135.00,0,1,48600.000000
12090.00,135.00,0,1,48600.000000
12590.00,135.00,0,1,48600.000000
13090.00,135.00,0,1,48600.000000
13590.00,135.00,0,1,48600.000000
14090.00,135.00,0,1,48600.000000
14590.00,135.00,0,1,48600.000000
15090.00,135.00,0,1,48600.000000
15590.00,135.00,0,1,48600.000000
16090.00,135.00,0,1,48600.000000
16590.00,135.00,0,1,48600.000000
17090.00,135.00,0,1,48600.000000
17590.00,135.00,0,1,48600.000000
18090.00,135.00,0,1,48600.000000
18590.00,135.00,0,1,48600.000000
19090.00,135.00,0,1,48600.000000
19590.00,135.00,0,1,48600.000000
20090.00,135.00,0,1,48600.000000
20590.00,135.00,0,1,48600.000000
21090.00,135.00,0,1,48600.000000
21590.00,135.00,0,1,48600.000000
22090.00,135.00,0,1,48600.000000
22590.00,135.00,0,1,48600.000000
23090.00,135.00,0,1,48600.000000
23590.00,135.00,0,1,48600.000000
24090.00,135.00,0,1,48600.000000
24590.00,135.00,0,1,48600.000000
25090.00,135.00,0,1,48600.000000
25590.00,135.00,0,1,48600.000000
26090.00,135.00,0,1,48600.000000
26590.00,135.00,0,1,48600.000000
27090.00,135.00,0,1,48600.000000
27590.00,135.00,0,1,48600.000000
28090.00,135.00,0,1,48600.000000
28590.00,135.00,0,1,48600.000000
29090.00,135.00,0,1,48600.000000
29590.00,135.00,0,1,48600.000000
30090.00,135.00,0,1,48600.000000
30590.00,135.00,0,1,48600.000000
31090.00,135.00,0,1,48600.000000
31590.00,135.00,0,1,48600.000000
32090.00,135.00,0,1,48600.000000
32590.00,135.00,0,1,48600.000000
33090.00,135.00,0,1,48600.000000
33590.00,135.00,0,1,48600.000000
34090.00,135.00,0,1,48600.000000
34590.00,135.00,0,1,48600.000000
35090.00,135.00,0,1,48600.000000
35590.00,135.00,0,1,48600.000000
36090.00,135.00,0,1,48600.000000
36590.00,135.00,0,1,48600.000000
37090.00,135.00,0,1,48600.000000
37590.00,135.00,0,1,48600.000000
38090.00,135.00,0,1,48600.000000
38590.00,135.00,0,1,48600.000000
39090.00,135.00,0,1,48600.000000
39590.00,135.00,0,1,48600.000000
40090.00,135.00,0,1,48600.000000
40590.00,135.00,17,1,48600.000000
41090.00,135.00,48,1,48600.000000
41590.00,135.00,40,1,48600.000000
42090.00,135.00,129,1,48600.000000
42590.00,135.00,78,1,48600.000000
43090.00,135.00,26,1,48600.000000
43590.00,135.00,113,1,48600.000000
44090.00,135.00,62,1,48600.000000
44590.00,135.00,35,1,48600.000000
45090.00,135.00,96,1,48600.000000
45590.00,135.00,192,1,48600.000000
46090.00,135.00,146,1,48600.000000
46590.00,135.00,139,1,48600.000000
47090.00,135.00,0,1,48600.000000
47590.00,135.00,0,1,48600.000000
48090.00,135.00,0,1,48600.000000
48590.00,135.00,0,1,48600.000000
49090.00,135.00,0,1,48600.000000
49590.00,135.00,0,1,48600.000000
90.00,2635.00,0,2,48600.000000
590.00,2635.00,0,2,48600.000000
1090.00,2635.00,0,2,48600.000000
1590.00,2635.00,0,2,48600.000000
2090.00,2635.00,0,2,48600.000000
2590.00,2635.00,0,2,48600.000000
3090.00,2635.00,0,2,48600.000000
3590.00,2635.00,0,2,48600.000000
4090.00,2635.00,0,2,48600.000000
4590.00,2635.00,0,2,48600.000000
5090.00,2635.00,0,2,48600.000000
5590.00,2635.00,0,2,48600.000000
6090.00,2635.00,0,2,48600.000000
6590.00,2635.00,0,2,48600.000000
7090.00,2635.00,0,2,48600.000000
7590.00,2635.00,0,2,48600.000000
8090.00,2635.00,0,2,48600.000000
8590.00,2635.00,0,2,48600.000000
9090.00,2635.00,0,2,48600.000000
9590.00,2635.00,0,2,48600.000000
10090.00,2635.00,0,2,48600.000000
10590.00,2635.00,0,2,48600.000000
11090.00,2635.00,0,2,48600.000000
11590.00,2635.00,0,2,48600.000000
12090.00,2635.00,0,2,48600.000000
12590.00,2635.00,0,2,48600.000000
13090.00,2635.00,0,2,48600.000000
13590.00,2635.00,0,2,48600.000000
14090.00,2635.00,0,2,48600.000000
14590.00,2635.00,0,2,48600.000000
15090.00,2635.00,0,2,48600.000000
15590.00,2635.00,0,2,48600.000000
16090.00,2635.00,0,2,48600.000000
16590.00,2635.00,0,2,48600.000000
17090.00,2635.00,0,2,48600.000000
17590.00,2635.00,0,2,48600.000000
18090.00,2635.00,0,2,48600.000000
18590.00,2635.00,0,2,48600.000000
19090.00,2635.00,0,2,48600.000000
19590.00,2635.00,0,2,48600.000000
20090.00,2635.00,0,2,48600.000000
20590.00,2635.00,0,2,48600.000000
21090.00,2635.00,0,2,48600.000000
21590.00,2635.00,0,2,48600.000000
22090.00,2635.00,0,2,48600.000000
22590.00,2635.00,0,2,48600.000000
23090.00,2635.00,0,2,48600.000000
23590.00,2635.00,0,2,48600.000000
24090.00,2635.00,0,2,48600.000000
24590.00,2635.00,0,2,48600.000000
25090.00,2635.00,0,2,48600.000000
25590.00,2635.00,0,2,48600.000000
26090.00,2635.00,0,2,48600.000000
26590.00,2635.00,0,2,48600.000000
27090.00,2635.00,0,2,48600.000000
27590.00,2635.00,0,2,48600.000000
28090.00,2635.00,0,2,48600.000000
28590.00,2635.00,0,2,48600.000000
29090.00,2635.00,0,2,48600.000000
29590.00,2635.00,0,2,48600.000000
30090.00,2635.00,0,2,48600.000000
30590.00,2635.00,0,2,48600.000000
31090.00,2635.00,0,2,48600.000000
31590.00,2635.00,0,2,48600.000000
32090.00,2635.00,0,2,48600.000000
32590.00,2635.00,0,2,48600.000000
33090.00,2635.00,0,2,48600.000000
33590.00,2635.00,0,2,48600.000000
34090.00,2635.00,0,2,48600.000000
34590.00,2635.00,0,2,48600.000000
35090.00,2635.00,0,2,48600.000000
35590.00,2635.00,0,2,48600.000000
36090.00,2635.00,0,2,48600.000000
36590.00,2635.00,0,2,48600.000000
37090.00,2635.00,0,2,48600.000000
37590.00,2635.00,0,2,48600.000000
38090.00,2635.00,0,2,48600.000000
38590.00,2635.00,0,2,48600.000000
39090.00,2635.00,0,2,48600.000000
39590.00,2635.00,0,2,48600.000000
40090.00,2635.00,74,2,48600.000000
40590.00,2635.00,75,2,48600.000000
41090.00,2635.00,108,2,48600.000000
41590.00,2635.00,139,2,48600.000000
42090.00,2635.00,237,2,48600.000000
42590.00,2635.00,28,2,48600.000000
43090.00,2635.00,34,2,48600.000000
43590.00,2635.00,72,2,48600.000000
44090.00,2635.00,54,2,48600.000000
44590.00,2635.00,64,2,48600.000000
45090.00,2635.00,321,2,48600.000000
45590.00,2635.00,478,2,48600.000000
46090.00,2635.00,616,2,48600.000000
46590.00,2635.00,0,2,48600.000000
47090.00,2635.00,0,2,48600.000000
47590.00,2635.00,0,2,48600.000000
48090.00,2635.00,0,2,48600.000000
48590.00,2635.00,0,2,48600.000000
49090.00,2635.00,0,2,48600.000000
49590.00,2635.00,0,2,48600.000000
90.00,5135.00,0,3,48600.000000
590.00,5135.00,0,3,48600.000000
1090.00,5135.00,0,3,48600.000000
1590.00,5135.00,0,3,48600.000000
2090.00,5135.00,0,3,48600.000000
2590.00,5135.00,0,3,48600.000000
3090.00,5135.00,0,3,48600.000000
3590.00,5135.00,0,3,48600.000000
4090.00,5135.00,0,3,48600.000000
4590.00,5135.00,0,3,48600.000000
5090.00,5135.00,0,3,48600.000000
5590.00,5135.00,0,3,48600.000000
6090.00,5135.00,0,3,48600.000000
6590.00,5135.00,0,3,48600.000000
7090.00,5135.00,0,3,48600.000000
7590.00,5135.00,0,3,48600.000000
8090.00,5135.00,0,3,48600.000000
8590.00,5135.00,17,3,48600.000000
9090.00,5135.00,96,3,48600.000000
9590.00,5135.00,177,3,48600.000000
10090.00,5135.00,65,3,48600.000000
10590.00,5135.00,104,3,48600.000000
11090.00,5135.00,60,3,48600.000000
11590.00,5135.00,65,3,48600.000000
12090.00,5135.00,81,3,48600.000000
12590.00,5135.00,115,3,48600.000000
13090.00,5135.00,92,3,48600.000000
13590.00,5135.00,31,3,48600.000000
14090.00,5135.00,0,3,48600.000000
14590.00,5135.00,5,3,48600.000000
15090.00,5135.00,20,3,48600.000000
15590.00,5135.00,93,3,48600.000000
16090.00,5135.00,70,3,48600.000000
16590.00,5135.00,160,3,48600.000000
17090.00,5135.00,193,3,48600.000000
17590.00,5135.00,184,3,48600.000000
18090.00,5135.00,156,3,48600.000000
18590.00,5135.00,65,3,48600.000000
19090.00,5135.00,0,3,48600.000000
19590.00,5135.00,0,3,48600.000000
20090.00,5135.00,0,3,48600.000000
20590.00,5135.00,0,3,48600.000000
21090.00,5135.00,0,3,48600.000000
21590.00,5135.00,0,3,48600.000000
22090.00,5135.00,0,3,48600.000000
22590.00,5135.00,0,3,48600.000000
23090.00,5135.00,0,3,48600.000000
23590.00,5135.00,0,3,48600.000000
24090.00,5135.00,0,3,48600.000000
24590.00,5135.00,0,3,48600.000000
25090.00,5135.00,0,3,48600.000000
25590.00,5135.00,0,3,48600.000000
26090.00,5135.00,0,3,48600.000000
26590.00,5135.00,0,3,48600.000000
27090.00,5135.00,0,3,48600.000000
27590.00,5135.00,0,3,48600.000000
28090.00,5135.00,0,3,48600.000000
28590.00,5135.00,0,3,48600.000000
29090.00,5135.00,0,3,48600.000000
29590.00,5135.00,0,3,48600.000000
30090.00,5135.00,0,3,48600.000000
30590.00,5135.00,0,3,48600.000000
31090.00,5135.00,0,3,48600.000000
31590.00,5135.00,0,3,48600.000000
32090.00,5135.00,0,3,48600.000000
32590.00,5135.00,0,3,48600.000000
33090.00,5135.00,0,3,48600.000000
33590.00,5135.00,0,3,48600.000000
34090.00,5135.00,0,3,48600.000000
34590.00,5135.00,0,3,48600.000000
35090.00,5135.00,0,3,48600.000000
35590.00,5135.00,0,3,48600.000000
36090.00,5135.00,0,3,48600.000000
36590.00,5135.00,0,3,48600.000000
37090.00,5135.00,0,3,48600.000000
37590.00,5135.00,0,3,48600.000000
38090.00,5135.00,0,3,48600.000000
38590.00,5135.00,0,3,48600.000000
39090.00,5135.00,0,3,48600.000000
39590.00,5135.00,0,3,48600.000000
40090.00,5135.00,0,3,48600.000000
40590.00,5135.00,0,3,48600.000000
41090.00,5135.00,184,3,48600.000000
41590.00,5135.00,105,3,48600.000000
42090.00,5135.00,38,3,48600.000000
42590.00,5135.00,91,3,48600.000000
43090.00,5135.00,48,3,48600.000000
43590.00,5135.00,33,3,48600.000000
44090.00,5135.00,21,3,48600.000000
44590.00,5135.00,33,3,48600.000000
45090.00,5135.00,20,3,48600.000000
45590.00,5135.00,5,3,48600.000000
46090.00,5135.00,63,3,48600.000000
46590.00,5135.00,0,3,48600.000000
47090.00,5135.00,0,3,48600.000000
47590.00,5135.00,0,3,48600.000000
48090.00,5135.00,0,3,48600.000000
48590.00,5135.00,0,3,48600.000000
49090.00,5135.00,0,3,48600.000000
49590.00,5135.00,0,3,48600.000000
90.00,7635.00,0,4,48600.000000
590.00,7635.00,0,4,48600.000000
1090.00,7635.00,0,4,48600.000000
1590.00,7635.00,0,4,48600.000000
2090.00,7635.00,0,4,48600.000000
2590.00,7635.00,0,4,48600.000000
3090.00,7635.00,9,4,48600.000000
3590.00,7635.00,108,4,48600.000000
4090.00,7635.00,77,4,48600.000000
4590.00,7635.00,63,4,48600.000000
5090.00,7635.00,84,4,48600.000000
5590.00,7635.00,81,4,48600.000000
6090.00,7635.00,114,4,48600.000000
6590.00,7635.00,87,4,48600.000000
7090.00,7635.00,82,4,48600.000000
7590.00,7635.00,50,4,48600.000000
8090.00,7635.00,97,4,48600.000000
8590.00,7635.00,136,4,48600.000000
9090.00,7635.00,85,4,48600.000000
9590.00,7635.00,50,4,48600.000000
10090.00,7635.00,97,4,48600.000000
10590.00,7635.00,96,4,48600.000000
11090.00,7635.00,44,4,48600.000000
11590.00,7635.00,44,4,48600.000000
12090.00,7635.00,23,4,48600.000000
12590.00,7635.00,44,4,48600.000000
13090.00,7635.00,18,4,48600.000000
13590.00,7635.00,54,4,48600.000000
14090.00,7635.00,92,4,48600.000000
14590.00,7635.00,52,4,48600.000000
15090.00,7635.00,97,4,48600.000000
15590.00,7635.00,42,4,48600.000000
16090.00,7635.00,49,4,48600.000000
16590.00,7635.00,24,4,48600.000000
17090.00,7635.00,66,4,48600.000000
17590.00,7635.00,158,4,48600.000000
18090.00,7635.00,491,4,48600.000000
18590.00,7635.00,351,4,48600.000000
19090.00,7635.00,493,4,48600.000000
19590.00,7635.00,276,4,48600.000000
20090.00,7635.00,0,4,48600.000000
20590.00,7635.00,0,4,48600.000000
21090.00,7635.00,0,4,48600.000000
21590.00,7635.00,0,4,48600.000000
22090.00,7635.00,0,4,48600.000000
22590.00,7635.00,0,4,48600.000000
23090.00,7635.00,0,4,48600.000000
23590.00,7635.00,0,4,48600.000000
24090.00,7635.00,0,4,48600.000000
24590.00,7635.00,0,4,48600.000000
25090.00,7635.00,0,4,48600.000000
25590.00,7635.00,0,4,48600.000000
26090.00,7635.00,0,4,48600.000000
26590.00,7635.00,0,4,48600.000000
27090.00,7635.00,0,4,48600.000000
27590.00,7635.00,0,4,48600.000000
28090.00,7635.00,0,4,48600.000000
28590.00,7635.00,0,4,48600.000000
29090.00,7635.00,0,4,48600.000000
29590.00,7635.00,0,4,48600.000000
30090.00,7635.00,0,4,48600.000000
30590.00,7635.00,0,4,48600.000000
31090.00,7635.00,0,4,48600.000000
31590.00,7635.00,0,4,48600.000000
32090.00,7635.00,0,4,48600.000000
32590.00,7635.00,0,4,48600.000000
33090.00,7635.00,0,4,48600.000000
33590.00,7635.00,0,4,48600.000000
34090.00,7635.00,0,4,48600.000000
34590.00,7635.00,0,4,48600.000000
35090.00,7635.00,0,4,48600.000000
35590.00,7635.00,0,4,48600.000000
36090.00,7635.00,0,4,48600.000000
36590.00,7635.00,0,4,48600.000000
37090.00,7635.00,0,4,48600.000000
37590.00,7635.00,0,4,48600.000000
38090.00,7635.00,0,4,48600.000000
38590.00,7635.00,0,4,48600.000000
39090.00,7635.00,0,4,48600.000000
39590.00,7635.00,0,4,48600.000000
40090.00,7635.00,0,4,48600.000000
40590.00,7635.00,0,4,48600.000000
41090.00,7635.00,0,4,48600.000000
41590.00,7635.00,0,4,48600.000000
42090.00,7635.00,23,4,48600.000000
42590.00,7635.00,57,4,48600.000000
43090.00,7635.00,74,4,48600.000000
43590.00,7635.00,24,4,48600.000000
44090.00,7635.00,37,4,48600.000000
44590.00,7635.00,16,4,48600.000000
45090.00,7635.00,7,4,48600.000000
45590.00,7635.00,15,4,48600.000000
46090.00,7635.00,16,4,48600.000000
46590.00,7635.00,33,4,48600.000000
47090.00,7635.00,32,4,48600.000000
47590.00,7635.00,0,4,48600.000000
48090.00,7635.00,0,4,48600.000000
48590.00,7635.00,0,4,48600.000000
49090.00,7635.00,0,4,48600.000000
49590.00,7635.00,0,4,48600.000000
90.00,10135.00,0,5,48600.000000
590.00,10135.00,0,5,48600.000000
1090.00,10135.00,0,5,48600.000000
1590.00,10135.00,0,5,48600.000000
2090.00,10135.00,0,5,48600.000000
2590.00,10135.00,0,5,48600.000000
3090.00,10135.00,0,5,48600.000000
3590.00,10135.00,0,5,48600.000000
4090.00,10135.00,0,5,48600.000000
4590.00,10135.00,0,5,48600.000000
5090.00,10135.00,0,5,48600.000000
5590.00,10135.00,0,5,48600.000000
6090.00,10135.00,0,5,48600.000000
6590.00,10135.00,0,5,48600.000000
7090.00,10135.00,0,5,48600.000000
7590.00,10135.00,0,5,48600.000000
8090.00,10135.00,0,5,48600.000000
8590.00,10135.00,326,5,48600.000000
9090.00,10135.00,149,5,48600.000000
9590.00,10135.00,90,5,48600.000000
10090.00,10135.00,101,5,48600.000000
10590.00,10135.00,56,5,48600.000000
11090.00,10135.00,30,5,48600.000000
11590.00,10135.00,43,5,48600.000000
12090.00,10135.00,30,5,48600.000000
12590.00,10135.00,85,5,48600.000000
13090.00,10135.00,71,5,48600.000000
13590.00,10135.00,59,5,48600.000000
14090.00,10135.00,42,5,48600.000000
14590.00,10135.00,69,5,48600.000000
15090.00,10135.00,27,5,48600.000000
15590.00,10135.00,39,5,48600.000000
16090.00,10135.00,11,5,48600.000000
16590.00,10135.00,63,5,48600.000000
17090.00,10135.00,32,5,48600.000000
17590.00,10135.00,70,5,48600.000000
18090.00,10135.00,127,5,48600.000000
18590.00,10135.00,61,5,48600.000000
19090.00,10135.00,114,5,48600.000000
19590.00,10135.00,65,5,48600.000000
20090.00,10135.00,98,5,48600.000000
20590.00,10135.00,61,5,48600.000000
21090.00,10135.00,0,5,48600.000000
21590.00,10135.00,0,5,48600.000000
22090.00,10135.00,0,5,48600.000000
22590.00,10135.00,0,5,48600.000000
23090.00,10135.00,0,5,48600.000000
23590.00,10135.00,0,5,48600.000000
24090.00,10135.00,0,5,48600.000000
24590.00,10135.00,0,5,48600.000000
25090.00,10135.00,0,5,48600.000000
25590.00,10135.00,0,5,48600.000000
26090.00,10135.00,0,5,48600.000000
26590.00,10135.00,0,5,48600.000000
27090.00,10135.00,0,5,48600.000000
27590.00,10135.00,0,5,48600.000000
28090.00,10135.00,0,5,48600.000000
28590.00,10135.00,0,5,48600.000000
29090.00,10135.00,0,5,48600.000000
29590.00,10135.00,0,5,48600.000000
30090.00,10135.00,0,5,48600.000000
30590.00,10135.00,0,5,48600.000000
31090.00,10135.00,0,5,48600.000000
31590.00,10135.00,0,5,48600.000000
32090.00,10135.00,0,5,48600.000000
32590.00,10135.00,0,5,48600.000000
33090.00,10135.00,0,5,48600.000000
33590.00,10135.00,185,5,48600.000000
34090.00,10135.00,799,5,48600.000000
34590.00,10135.00,278,5,48600.000000
35090.00,10135.00,77,5,48600.000000
35590.00,10135.00,0,5,48600.000000
36090.00,10135.00,0,5,48600.000000
36590.00,10135.00,0,5,48600.000000
37090.00,10135.00,0,5,48600.000000
37590.00,10135.00,0,5,48600.000000
38090.00,10135.00,0,5,48600.000000
38590.00,10135.00,0,5,48600.000000
39090.00,10135.00,0,5,48600.000000
39590.00,10135.00,0,5,48600.000000
40090.00,10135.00,0,5,48600.000000
40590.00,10135.00,0,5,48600.000000
41090.00,10135.00,0,5,48600.000000
41590.00,10135.00,0,5,48600.000000
42090.00,10135.00,0,5,48600.000000
42590.00,10135.00,0,5,48600.000000
43090.00,10135.00,0,5,48600.000000
43590.00,10135.00,0,5,48600.000000
44090.00,10135.00,41,5,48600.000000
44590.00,10135.00,61,5,48600.000000
45090.00,10135.00,67,5,48600.000000
45590.00,10135.00,28,5,48600.000000
46090.00,10135.00,10,5,48600.000000
46590.00,10135.00,0,5,48600.000000
47090.00,10135.00,0,5,48600.000000
47590.00,10135.00,0,5,48600.000000
48090.00,10135.00,0,5,48600.000000
48590.00,10135.00,0,5,48600.000000
49090.00,10135.00,0,5,48600.000000
49590.00,10135.00,0,5,48600.000000
90.00,12635.00,0,6,48600.000000
590.00,12635.00,0,6,48600.000000
1090.00,12635.00,0,6,48600.000000
1590.00,12635.00,0,6,48600.000000
2090.00,12635.00,0,6,48600.000000
2590.00,12635.00,0,6,48600.000000
3090.00,12635.00,0,6,48600.000000
3590.00,12635.00,0,6,48600.000000
4090.00,12635.00,0,6,48600.000000
4590.00,12635.00,0,6,48600.000000
5090.00,12635.00,0,6,48600.000000
5590.00,12635.00,0,6,48600.000000
6090.00,12635.00,0,6,48600.000000
6590.00,12635.00,0,6,48600.000000
7090.00,12635.00,0,6,48600.000000
7590.00,12635.00,0,6,48600.000000
8090.00,12635.00,0,6,48600.000000
8590.00,12635.00,0,6,48600.000000
9090.00,12635.00,0,6,48600.000000
9590.00,12635.00,126,6,48600.000000
10090.00,12635.00,310,6,48600.000000
10590.00,12635.00,492,6,48600.000000
11090.00,12635.00,148,6,48600.000000
11590.00,12635.00,153,6,48600.000000
12090.00,12635.00,68,6,48600.000000
12590.00,12635.00,93,6,48600.000000
13090.00,12635.00,106,6,48600.000000
13590.00,12635.00,41,6,48600.000000
14090.00,12635.00,33,6,48600.000000
14590.00,12635.00,42,6,48600.000000
15090.00,12635.00,47,6,48600.000000
15590.00,12635.00,22,6,48600.000000
16090.00,12635.00,52,6,48600.000000
16590.00,12635.00,68,6,48600.000000
17090.00,12635.00,43,6,48600.000000
17590.00,12635.00,31,6,48600.000000
18090.00,12635.00,60,6,48600.000000
18590.00,12635.00,0,6,48600.000000
19090.00,12635.00,0,6,48600.000000
19590.00,12635.00,0,6,48600.000000
20090.00,12635.00,0,6,48600.000000
20590.00,12635.00,0,6,48600.000000
21090.00,12635.00,0,6,48600.000000
21590.00,12635.00,0,6,48600.000000
22090.00,12635.00,0,6,48600.000000
22590.00,12635.00,0,6,48600.000000
23090.00,12635.00,0,6,48600.000000
23590.00,12635.00,0,6,48600.000000
24090.00,12635.00,0,6,48600.000000
24590.00,12635.00,0,6,48600.000000
25090.00,12635.00,0,6,48600.000000
25590.00,12635.00,0,6,48600.000000
26090.00,12635.00,0,6,48600.000000
26590.00,12635.00,0,6,48600.000000
27090.00,12635.00,0,6,48600.000000
27590.00,12635.00,0,6,48600.000000
28090.00,12635.00,0,6,48600.000000
28590.00,12635.00,0,6,48600.000000
29090.00,12635.00,0,6,48600.000000
29590.00,12635.00,0,6,48600.000000
30090.00,12635.00,0,6,48600.000000
30590.00,12635.00,0,6,48600.000000
31090.00,12635.00,0,6,48600.000000
31590.00,12635.00,0,6,48600.000000
32090.00,12635.00,0,6,48600.000000
32590.00,12635.00,0,6,48600.000000
33090.00,12635.00,175,6,48600.000000
33590.00,12635.00,220,6,48600.000000
34090.00,12635.00,0,6,48600.000000
34590.00,12635.00,0,6,48600.000000
35090.00,12635.00,0,6,48600.000000
35590.00,12635.00,0,6,48600.000000
36090.00,12635.00,0,6,48600.000000
36590.00,12635.00,0,6,48600.000000
37090.00,12635.00,0,6,48600.000000
37590.00,12635.00,0,6,48600.000000
38090.00,12635.00,0,6,48600.000000
38590.00,12635.00,0,6,48600.000000
39090.00,12635.00,0,6,48600.000000
39590.00,12635.00,0,6,48600.000000
40090.00,12635.00,0,6,48600.000000
40590.00,12635.00,0,6,48600.000000
41090.00,12635.00,0,6,48600.000000
41590.00,12635.00,0,6,48600.000000
42090.00,12635.00,0,6,48600.000000
42590.00,12635.00,0,6,48600.000000
43090.00,12635.00,0,6,48600.000000
43590.00,12635.00,0,6,48600.000000
44090.00,12635.00,0,6,48600.000000
44590.00,12635.00,0,6,48600.000000
45090.00,12635.00,0,6,48600.000000
45590.00,12635.00,0,6,48600.000000
46090.00,12635.00,0,6,48600.000000
46590.00,12635.00,0,6,48600.000000
47090.00,12635.00,0,6,48600.000000
47590.00,12635.00,0,6,48600.000000
48090.00,12635.00,0,6,48600.000000
48590.00,12635.00,0,6,48600.000000
49090.00,12635.00,0,6,48600.000000
49590.00,12635.00,0,6,48600.000000
90.00,15135.00,0,7,48600.000000
590.00,15135.00,0,7,48600.000000
1090.00,15135.00,0,7,48600.000000
1590.00,15135.00,0,7,48600.000000
2090.00,15135.00,0,7,48600.000000
2590.00,15135.00,0,7,48600.000000
3090.00,15135.00,0,7,48600.000000
3590.00,15135.00,0,7,48600.000000
4090.00,15135.00,0,7,48600.000000
4590.00,15135.00,0,7,48600.000000
5090.00,15135.00,0,7,48600.000000
5590.00,15135.00,0,7,48600.000000
6090.00,15135.00,0,7,48600.000000
6590.00,15135.00,0,7,48600.000000
7090.00,15135.00,0,7,48600.000000
7590.00,15135.00,0,7,48600.000000
8090.00,15135.00,0,7,48600.000000
8590.00,15135.00,0,7,48600.000000
9090.00,15135.00,0,7,48600.000000
9590.00,15135.00,0,7,48600.000000
10090.00,15135.00,0,7,48600.000000
10590.00,15135.00,134,7,48600.000000
11090.00,15135.00,177,7,48600.000000
11590.00,15135.00,139,7,48600.000000
12090.00,15135.00,108,7,48600.000000
12590.00,15135.00,50,7,48600.000000
13090.00,15135.00,65,7,48600.000000
13590.00,15135.00,92,7,48600.000000
14090.00,15135.00,63,7,48600.000000
14590.00,15135.00,74,7,48600.000000
15090.00,15135.00,38,7,48600.000000
15590.00,15135.00,103,7,48600.000000
16090.00,15135.00,0,7,48600.000000
16590.00,15135.00,0,7,48600.000000
17090.00,15135.00,0,7,48600.000000
17590.00,15135.00,0,7,48600.000000
18090.00,15135.00,0,7,48600.000000
18590.00,15135.00,0,7,48600.000000
19090.00,15135.00,0,7,48600.000000
19590.00,15135.00,0,7,48600.000000
20090.00,15135.00,0,7,48600.000000
20590.00,15135.00,0,7,48600.000000
21090.00,15135.00,0,7,48600.000000
21590.00,15135.00,0,7,48600.000000
22090.00,15135.00,0,7,48600.000000
22590.00,15135.00,0,7,48600.000000
23090.00,15135.00,0,7,48600.000000
23590.00,15135.00,0,7,48600.000000
24090.00,15135.00,0,7,48600.000000
24590.00,15135.00,0,7,48600.000000
25090.00,15135.00,0,7,48600.000000
25590.00,15135.00,0,7,48600.000000
26090.00,15135.00,0,7,48600.000000
26590.00,15135.00,0,7,48600.000000
27090.00,15135.00,0,7,48600.000000
27590.00,15135.00,0,7,48600.000000
28090.00,15135.00,0,7,48600.000000
28590.00,15135.00,0,7,48600.000000
29090.00,15135.00,0,7,48600.000000
29590.00,15135.00,0,7,48600.000000
30090.00,15135.00,0,7,48600.000000
30590.00,15135.00,0,7,48600.000000
31090.00,15135.00,0,7,48600.000000
31590.00,15135.00,0,7,48600.000000
32090.00,15135.00,0,7,48600.000000
32590.00,15135.00,0,7,48600.000000
33090.00,15135.00,0,7,48600.000000
33590.00,15135.00,0,7,48600.000000
34090.00,15135.00,0,7,48600.000000
34590.00,15135.00,0,7,48600.000000
35090.00,15135.00,0,7,48600.000000
35590.00,15135.00,0,7,48600.000000
36090.00,15135.00,0,7,48600.000000
36590.00,15135.00,0,7,48600.000000
37090.00,15135.00,0,7,48600.000000
37590.00,15135.00,0,7,48600.000000
38090.00,15135.00,0,7,48600.000000
38590.00,15135.00,0,7,48600.000000
39090.00,15135.00,0,7,48600.000000
39590.00,15135.00,0,7,48600.000000
40090.00,15135.00,0,7,48600.000000
40590.00,15135.00,0,7,48600.000000
41090.00,15135.00,0,7,48600.000000
41590.00,15135.00,0,7,48600.000000
42090.00,15135.00,0,7,48600.000000
42590.00,15135.00,0,7,48600.000000
43090.00,15135.00,0,7,48600.000000
43590.00,15135.00,0,7,48600.000000
44090.00,15135.00,0,7,48600.000000
44590.00,15135.00,0,7,48600.000000
45090.00,15135.00,0,7,48600.000000
45590.00,15135.00,0,7,48600.000000
46090.00,15135.00,0,7,48600.000000
46590.00,15135.00,0,7,48600.000000
47090.00,15135.00,0,7,48600.000000
47590.00,15135.00,0,7,48600.000000
48090.00,15135.00,0,7,48600.000000
48590.00,15135.00,0,7,48600.000000
49090.00,15135.00,0,7,48600.000000
49590.00,15135.00,0,7,48600.000000
90.00,17635.00,0,8,48600.000000
590.00,17635.00,0,8,48600.000000
1090.00,17635.00,0,8,48600.000000
1590.00,17635.00,0,8,48600.000000
2090.00,17635.00,0,8,48600.000000
2590.00,17635.00,0,8,48600.000000
3090.00,17635.00,0,8,48600.000000
3590.00,17635.00,0,8,48600.000000
4090.00,17635.00,0,8,48600.000000
4590.00,17635.00,0,8,48600.000000
5090.00,17635.00,0,8,48600.000000
5590.00,17635.00,0,8,48600.000000
6090.00,17635.00,0,8,48600.000000
6590.00,17635.00,0,8,48600.000000
7090.00,17635.00,0,8,48600.000000
7590.00,17635.00,0,8,48600.000000
8090.00,17635.00,0,8,48600.000000
8590.00,17635.00,0,8,48600.000000
9090.00,17635.00,0,8,48600.000000
9590.00,17635.00,0,8,48600.000000
10090.00,17635.00,0,8,48600.000000
10590.00,17635.00,0,8,48600.000000
11090.00,17635.00,0,8,48600.000000
11590.00,17635.00,0,8,48600.000000
12090.00,17635.00,0,8,48600.000000
12590.00,17635.00,0,8,48600.000000
13090.00,17635.00,0,8,48600.000000
13590.00,17635.00,0,8,48600.000000
14090.00,17635.00,0,8,48600.000000
14590.00,17635.00,0,8,48600.000000
15090.00,17635.00,0,8,48600.000000
15590.00,17635.00,0,8,48600.000000
16090.00,17635.00,0,8,48600.000000
16590.00,17635.00,0,8,48600.000000
17090.00,17635.00,257,8,48600.000000
17590.00,17635.00,343,8,48600.000000
18090.00,17635.00,133,8,48600.000000
18590.00,17635.00,335,8,48600.000000
19090.00,17635.00,198,8,48600.000000
19590.00,17635.00,117,8,48600.000000
20090.00,17635.00,0,8,48600.000000
20590.00,17635.00,0,8,48600.000000
21090.00,17635.00,0,8,48600.000000
21590.00,17635.00,0,8,48600.000000
22090.00,17635.00,0,8,48600.000000
22590.00,17635.00,0,8,48600.000000
23090.00,17635.00,0,8,48600.000000
23590.00,17635.00,0,8,48600.000000
24090.00,17635.00,188,8,48600.000000
24590.00,17635.00,95,8,48600.000000
25090.00,17635.00,101,8,48600.000000
25590.00,17635.00,69,8,48600.000000
26090.00,17635.00,39,8,48600.000000
26590.00,17635.00,11,8,48600.000000
27090.00,17635.00,6,8,48600.000000
27590.00,17635.00,40,8,48600.000000
28090.00,17635.00,105,8,48600.000000
28590.00,17635.00,35,8,48600.000000
29090.00,17635.00,16,8,48600.000000
29590.00,17635.00,51,8,48600.000000
30090.00,17635.00,28,8,48600.000000
30590.00,17635.00,0,8,48600.000000
31090.00,17635.00,0,8,48600.000000
31590.00,17635.00,0,8,48600.000000
32090.00,17635.00,0,8,48600.000000
32590.00,17635.00,0,8,48600.000000
33090.00,17635.00,0,8,48600.000000
33590.00,17635.00,0,8,48600.000000
34090.00,17635.00,0,8,48600.000000
34590.00,17635.00,0,8,48600.000000
35090.00,17635.00,0,8,48600.000000
35590.00,17635.00,0,8,48600.000000
36090.00,17635.00,0,8,48600.000000
36590.00,17635.00,0,8,48600.000000
37090.00,17635.00,0,8,48600.000000
37590.00,17635.00,0,8,48600.000000
38090.00,17635.00,0,8,48600.000000
38590.00,17635.00,0,8,48600.000000
39090.00,17635.00,0,8,48600.000000
39590.00,17635.00,0,8,48600.000000
40090.00,17635.00,0,8,48600.000000
40590.00,17635.00,0,8,48600.000000
41090.00,17635.00,0,8,48600.000000
41590.00,17635.00,0,8,48600.000000
42090.00,17635.00,0,8,48600.000000
42590.00,17635.00,0,8,48600.000000
43090.00,17635.00,0,8,48600.000000
43590.00,17635.00,0,8,48600.000000
44090.00,17635.00,0,8,48600.000000
44590.00,17635.00,0,8,48600.000000
45090.00,17635.00,0,8,48600.000000
45590.00,17635.00,0,8,48600.000000
46090.00,17635.00,0,8,48600.000000
46590.00,17635.00,0,8,48600.000000
47090.00,17635.00,0,8,48600.000000
47590.00,17635.00,0,8,48600.000000
48090.00,17635.00,0,8,48600.000000
48590.00,17635.00,0,8,48600.000000
49090.00,17635.00,0,8,48600.000000
49590.00,17635.00,0,8,48600.000000
90.00,20135.00,0,9,48600.000000
590.00,20135.00,0,9,48600.000000
1090.00,20135.00,0,9,48600.000000
1590.00,20135.00,0,9,48600.000000
2090.00,20135.00,0,9,48600.000000
2590.00,20135.00,0,9,48600.000000
3090.00,20135.00,0,9,48600.000000
3590.00,20135.00,0,9,48600.000000
4090.00,20135.00,0,9,48600.000000
4590.00,20135.00,0,9,48600.000000
5090.00,20135.00,0,9,48600.000000
5590.00,20135.00,0,9,48600.000000
6090.00,20135.00,0,9,48600.000000
6590.00,20135.00,0,9,48600.000000
7090.00,20135.00,0,9,48600.000000
7590.00,20135.00,0,9,48600.000000
8090.00,20135.00,0,9,48600.000000
8590.00,20135.00,0,9,48600.000000
9090.00,20135.00,0,9,48600.000000
9590.00,20135.00,0,9,48600.000000
10090.00,20135.00,0,9,48600.000000
10590.00,20135.00,0,9,48600.000000
11090.00,20135.00,0,9,48600.000000
11590.00,20135.00,0,9,48600.000000
12090.00,20135.00,0,9,48600.000000
12590.00,20135.00,0,9,48600.000000
13090.00,20135.00,0,9,48600.000000
13590.00,20135.00,0,9,48600.000000
14090.00,20135.00,0,9,48600.000000
14590.00,20135.00,0,9,48600.000000
15090.00,20135.00,0,9,48600.000000
15590.00,20135.00,0,9,48600.000000
16090.00,20135.00,0,9,48600.000000
16590.00,20135.00,90,9,48600.000000
17090.00,20135.00,236,9,48600.000000
17590.00,20135.00,147,9,48600.000000
18090.00,20135.00,329,9,48600.000000
18590.00,20135.00,141,9,48600.000000
19090.00,20135.00,125,9,48600.000000
19590.00,20135.00,154,9,48600.000000
20090.00,20135.00,198,9,48600.000000
20590.00,20135.00,0,9,48600.000000
21090.00,20135.00,0,9,48600.000000
21590.00,20135.00,0,9,48600.000000
22090.00,20135.00,0,9,48600.000000
22590.00,20135.00,0,9,48600.000000
23090.00,20135.00,147,9,48600.000000
23590.00,20135.00,163,9,48600.000000
24090.00,20135.00,57,9,48600.000000
24590.00,20135.00,80,9,48600.000000
25090.00,20135.00,36,9,48600.000000
25590.00,20135.00,133,9,48600.000000
26090.00,20135.00,116,9,48600.000000
26590.00,20135.00,70,9,48600.000000
27090.00,20135.00,116,9,48600.000000
27590.00,20135.00,142,9,48600.000000
28090.00,20135.00,86,9,48600.000000
28590.00,20135.00,59,9,48600.000000
29090.00,20135.00,63,9,48600.000000
29590.00,20135.00,0,9,48600.000000
30090.00,20135.00,0,9,48600.000000
30590.00,20135.00,0,9,48600.000000
31090.00,20135.00,0,9,48600.000000
31590.00,20135.00,0,9,48600.000000
32090.00,20135.00,0,9,48600.000000
32590.00,20135.00,0,9,48600.000000
33090.00,20135.00,0,9,48600.000000
33590.00,20135.00,0,9,48600.000000
34090.00,20135.00,0,9,48600.000000
34590.00,20135.00,0,9,48600.000000
35090.00,20135.00,0,9,48600.000000
35590.00,20135.00,0,9,48600.000000
36090.00,20135.00,0,9,48600.000000
36590.00,20135.00,0,9,48600.000000
37090.00,20135.00,0,9,48600.000000
37590.00,20135.00,0,9,48600.000000
38090.00,20135.00,0,9,48600.000000
38590.00,20135.00,0,9,48600.000000
39090.00,20135.00,0,9,48600.000000
39590.00,20135.00,0,9,48600.000000
40090.00,20135.00,0,9,48600.000000
40590.00,20135.00,0,9,48600.000000
41090.00,20135.00,0,9,48600.000000
41590.00,20135.00,0,9,48600.000000
42090.00,20135.00,0,9,48600.000000
42590.00,20135.00,0,9,48600.000000
43090.00,20135.00,0,9,48600.000000
43590.00,20135.00,0,9,48600.000000
44090.00,20135.00,0,9,48600.000000
44590.00,20135.00,0,9,48600.000000
45090.00,20135.00,105,9,48600.000000
45590.00,20135.00,89,9,48600.000000
46090.00,20135.00,125,9,48600.000000
46590.00,20135.00,108,9,48600.000000
47090.00,20135.00,105,9,48600.000000
47590.00,20135.00,0,9,48600.000000
48090.00,20135.00,0,9,48600.000000
48590.00,20135.00,0,9,48600.000000
49090.00,20135.00,0,9,48600.000000
49590.00,20135.00,0,9,48600.000000
90.00,22635.00,0,10,48600.000000
590.00,22635.00,0,10,48600.000000
1090.00,22635.00,0,10,48600.000000
1590.00,22635.00,0,10,48600.000000
2090.00,22635.00,0,10,48600.000000
2590.00,22635.00,0,10,48600.000000
3090.00,22635.00,0,10,48600.000000
3590.00,22635.00,0,10,48600.000000
4090.00,22635.00,0,10,48600.000000
4590.00,22635.00,0,10,48600.000000
5090.00,22635.00,0,10,48600.000000
5590.00,22635.00,0,10,48600.000000
6090.00,22635.00,0,10,48600.000000
6590.00,22635.00,0,10,48600.000000
7090.00,22635.00,0,10,48600.000000
7590.00,22635.00,0,10,48600.000000
8090.00,22635.00,0,10,48600.000000
8590.00,22635.00,0,10,48600.000000
9090.00,22635.00,0,10,48600.000000
9590.00,22635.00,0,10,48600.000000
10090.00,22635.00,0,10,48600.000000
10590.00,22635.00,0,10,48600.000000
11090.00,22635.00,0,10,48600.000000
11590.00,22635.00,0,10,48600.000000
12090.00,22635.00,0,10,48600.000000
12590.00,22635.00,0,10,48600.000000
13090.00,22635.00,0,10,48600.000000
13590.00,22635.00,0,10,48600.000000
14090.00,22635.00,0,10,48600.000000
14590.00,22635.00,0,10,48600.000000
15090.00,22635.00,0,10,48600.000000
15590.00,22635.00,0,10,48600.000000
16090.00,22635.00,0,10,48600.000000
16590.00,22635.00,0,10,48600.000000
17090.00,22635.00,0,10,48600.000000
17590.00,22635.00,0,10,48600.000000
18090.00,22635.00,0,10,48600.000000
18590.00,22635.00,0,10,48600.000000
19090.00,22635.00,0,10,48600.000000
19590.00,22635.00,0,10,48600.000000
20090.00,22635.00,0,10,48600.000000
20590.00,22635.00,0,10,48600.000000
21090.00,22635.00,0,10,48600.000000
21590.00,22635.00,0,10,48600.000000
22090.00,22635.00,0,10,48600.000000
22590.00,22635.00,192,10,48600.000000
23090.00,22635.00,297,10,48600.000000
23590.00,22635.00,287,10,48600.000000
24090.00,22635.00,154,10,48600.000000
24590.00,22635.00,98,10,48600.000000
25090.00,22635.00,60,10,48600.000000
25590.00,22635.00,37,10,48600.000000
26090.00,22635.00,46,10,48600.000000
26590.00,22635.00,153,10,48600.000000
27090.00,22635.00,370,10,48600.000000
27590.00,22635.00,198,10,48600.000000
28090.00,22635.00,0,10,48600.000000
28590.00,22635.00,0,10,48600.000000
29090.00,22635.00,0,10,48600.000000
29590.00,22635.00,0,10,48600.000000
30090.00,22635.00,0,10,48600.000000
30590.00,22635.00,0,10,48600.000000
31090.00,22635.00,0,10,48600.000000
31590.00,22635.00,0,10,48600.000000
32090.00,22635.00,0,10,48600.000000
32590.00,22635.00,0,10,48600.000000
33090.00,22635.00,0,10,48600.000000
33590.00,22635.00,0,10,48600.000000
34090.00,22635.00,0,10,48600.000000
34590.00,22635.00,0,10,48600.000000
35090.00,22635.00,0,10,48600.000000
35590.00,22635.00,0,10,48600.000000
36090.00,22635.00,0,10,48600.000000
36590.00,22635.00,0,10,48600.000000
37090.00,22635.00,0,10,48600.000000
37590.00,22635.00,0,10,48600.000000
38090.00,22635.00,0,10,48600.000000
38590.00,22635.00,0,10,48600.000000
39090.00,22635.00,0,10,48600.000000
39590.00,22635.00,0,10,48600.000000
40090.00,22635.00,0,10,48600.000000
40590.00,22635.00,0,10,48600.000000
41090.00,22635.00,0,10,48600.000000
41590.00,22635.00,0,10,48600.000000
42090.00,22635.00,0,10,48600.000000
42590.00,22635.00,0,10,48600.000000
43090.00,22635.00,0,10,48600.000000
43590.00,22635.00,0,10,48600.000000
44090.00,22635.00,0,10,48600.000000
44590.00,22635.00,0,10,48600.000000
45090.00,22635.00,0,10,48600.000000
45590.00,22635.00,118,10,48600.000000
46090.00,22635.00,512,10,48600.000000
46590.00,22635.00,270,10,48600.000000
47090.00,22635.00,0,10,48600.000000
47590.00,22635.00,0,10,48600.000000
48090.00,22635.00,0,10,48600.000000
48590.00,22635.00,0,10,48600.000000
49090.00,22635.00,0,10,48600.000000
49590.00,22635.00,0,10,48600.000000
90.00,25135.00,0,11,48600.000000
590.00,25135.00,0,11,48600.000000
1090.00,25135.00,0,11,48600.000000
1590.00,25135.00,0,11,48600.000000
2090.00,25135.00,0,11,48600.000000
2590.00,25135.00,0,11,48600.000000
3090.00,25135.00,0,11,48600.000000
3590.00,25135.00,0,11,48600.000000
4090.00,25135.00,0,11,48600.000000
4590.00,25135.00,0,11,48600.000000
5090.00,25135.00,0,11,48600.000000
5590.00,25135.00,0,11,48600.000000
6090.00,25135.00,0,11,48600.000000
6590.00,25135.00,0,11,48600.000000
7090.00,25135.00,0,11,48600.000000
7590.00,25135.00,0,11,48600.000000
8090.00,25135.00,0,11,48600.000000
8590.00,25135.00,0,11,48600.000000
9090.00,25135.00,0,11,48600.000000
9590.00,25135.00,0,11,48600.000000
10090.00,25135.00,0,11,48600.000000
10590.00,25135.00,0,11,48600.000000
11090.00,25135.00,0,11,48600.000000
11590.00,25135.00,0,11,48600.000000
12090.00,25135.00,0,11,48600.000000
12590.00,25135.00,0,11,48600.000000
13090.00,25135.00,0,11,48600.000000
13590.00,25135.00,0,11,48600.000000
14090.00,25135.00,0,11,48600.000000
14590.00,25135.00,0,11,48600.000000
15090.00,25135.00,0,11,48600.000000
15590.00,25135.00,0,11,48600.000000
16090.00,25135.00,0,11,48600.000000
16590.00,25135.00,0,11,48600.000000
17090.00,25135.00,0,11,48600.000000
17590.00,25135.00,0,11,48600.000000
18090.00,25135.00,0,11,48600.000000
18590.00,25135.00,0,11,48600.000000
19090.00,25135.00,0,11,48600.000000
19590.00,25135.00,0,11,48600.000000
20090.00,25135.00,0,11,48600.000000
20590.00,25135.00,0,11,48600.000000
21090.00,25135.00,0,11,48600.000000
21590.00,25135.00,0,11,48600.000000
22090.00,25135.00,0,11,48600.000000
22590.00,25135.00,110,11,48600.000000
23090.00,25135.00,151,11,48600.000000
23590.00,25135.00,190,11,48600.000000
24090.00,25135.00,80,11,48600.000000
24590.00,25135.00,56,11,48600.000000
25090.00,25135.00,52,11,48600.000000
25590.00,25135.00,35,11,48600.000000
26090.00,25135.00,57,11,48600.000000
26590.00,25135.00,73,11,48600.000000
27090.00,25135.00,110,11,48600.000000
27590.00,25135.00,0,11,48600.000000
28090.00,25135.00,0,11,48600.000000
28590.00,25135.00,0,11,48600.000000
29090.00,25135.00,0,11,48600.000000
29590.00,25135.00,0,11,48600.000000
30090.00,25135.00,0,11,48600.000000
30590.00,25135.00,0,11,48600.000000
31090.00,25135.00,0,11,48600.000000
31590.00,25135.00,0,11,48600.000000
32090.00,25135.00,0,11,48600.000000
32590.00,25135.00,0,11,48600.000000
33090.00,25135.00,0,11,48600.000000
33590.00,25135.00,59,11,48600.000000
34090.00,25135.00,123,11,48600.000000
34590.00,25135.00,214,11,48600.000000
35090.00,25135.00,163,11,48600.000000
35590.00,25135.00,209,11,48600.000000
36090.00,25135.00,83,11,48600.000000
36590.00,25135.00,74,11,48600.000000
37090.00,25135.00,163,11,48600.000000
37590.00,25135.00,42,11,48600.000000
38090.00,25135.00,63,11,48600.000000
38590.00,25135.00,0,11,48600.000000
39090.00,25135.00,0,11,48600.000000
39590.00,25135.00,0,11,48600.000000
40090.00,25135.00,0,11,48600.000000
40590.00,25135.00,192,11,48600.000000
41090.00,25135.00,141,11,48600.000000
41590.00,25135.00,16,11,48600.000000
42090.00,25135.00,49,11,48600.000000
42590.00,25135.00,18,11,48600.000000
43090.00,25135.00,15,11,48600.000000
43590.00,25135.00,10,11,48600.000000
44090.00,25135.00,0,11,48600.000000
44590.00,25135.00,0,11,48600.000000
45090.00,25135.00,0,11,48600.000000
45590.00,25135.00,0,11,48600.000000
46090.00,25135.00,0,11,48600.000000
46590.00,25135.00,0,11,48600.000000
47090.00,25135.00,0,11,48600.000000
47590.00,25135.00,0,11,48600.000000
48090.00,25135.00,0,11,48600.000000
48590.00,25135.00,0,11,48600.000000
49090.00,25135.00,0,11,48600.000000
49590.00,25135.00,0,11,48600.000000
90.00,27635.00,0,12,48600.000000
590.00,27635.00,0,12,48600.000000
1090.00,27635.00,0,12,48600.000000
1590.00,27635.00,0,12,48600.000000
2090.00,27635.00,0,12,48600.000000
2590.00,27635.00,0,12,48600.000000
3090.00,27635.00,102,12,48600.000000
3590.00,27635.00,113,12,48600.000000
4090.00,27635.00,225,12,48600.000000
4590.00,27635.00,326,12,48600.000000
5090.00,27635.00,85,12,48600.000000
5590.00,27635.00,44,12,48600.000000
6090.00,27635.00,24,12,48600.000000
6590.00,27635.00,0,12,48600.000000
7090.00,27635.00,0,12,48600.000000
7590.00,27635.00,0,12,48600.000000
8090.00,27635.00,0,12,48600.000000
8590.00,27635.00,0,12,48600.000000
9090.00,27635.00,0,12,48600.000000
9590.00,27635.00,0,12,48600.000000
10090.00,27635.00,0,12,48600.000000
10590.00,27635.00,0,12,48600.000000
11090.00,27635.00,0,12,48600.000000
11590.00,27635.00,0,12,48600.000000
12090.00,27635.00,0,12,48600.000000
12590.00,27635.00,0,12,48600.000000
13090.00,27635.00,0,12,48600.000000
13590.00,27635.00,0,12,48600.000000
14090.00,27635.00,0,12,48600.000000
14590.00,27635.00,0,12,48600.000000
15090.00,27635.00,0,12,48600.000000
15590.00,27635.00,0,12,48600.000000
16090.00,27635.00,0,12,48600.000000
16590.00,27635.00,0,12,48600.000000
17090.00,27635.00,0,12,48600.000000
17590.00,27635.00,0,12,48600.000000
18090.00,27635.00,0,12,48600.000000
18590.00,27635.00,0,12,48600.000000
19090.00,27635.00,0,12,48600.000000
19590.00,27635.00,0,12,48600.000000
20090.00,27635.00,0,12,48600.000000
20590.00,27635.00,0,12,48600.000000
21090.00,27635.00,0,12,48600.000000
21590.00,27635.00,0,12,48600.000000
22090.00,27635.00,0,12,48600.000000
22590.00,27635.00,0,12,48600.000000
23090.00,27635.00,98,12,48600.000000
23590.00,27635.00,346,12,48600.000000
24090.00,27635.00,470,12,48600.000000
24590.00,27635.00,207,12,48600.000000
25090.00,27635.00,208,12,48600.000000
25590.00,27635.00,187,12,48600.000000
26090.00,27635.00,104,12,48600.000000
26590.00,27635.00,91,12,48600.000000
27090.00,27635.00,0,12,48600.000000
27590.00,27635.00,0,12,48600.000000
28090.00,27635.00,0,12,48600.000000
28590.00,27635.00,0,12,48600.000000
29090.00,27635.00,0,12,48600.000000
29590.00,27635.00,0,12,48600.000000
30090.00,27635.00,0,12,48600.000000
30590.00,27635.00,0,12,48600.000000
31090.00,27635.00,0,12,48600.000000
31590.00,27635.00,7,12,48600.000000
32090.00,27635.00,120,12,48600.000000
32590.00,27635.00,22,12,48600.000000
33090.00,27635.00,56,12,48600.000000
33590.00,27635.00,57,12,48600.000000
34090.00,27635.00,43,12,48600.000000
34590.00,27635.00,47,12,48600.000000
35090.00,27635.00,57,12,48600.000000
35590.00,27635.00,147,12,48600.000000
36090.00,27635.00,85,12,48600.000000
36590.00,27635.00,45,12,48600.000000
37090.00,27635.00,121,12,48600.000000
37590.00,27635.00,140,12,48600.000000
38090.00,27635.00,137,12,48600.000000
38590.00,27635.00,0,12,48600.000000
39090.00,27635.00,0,12,48600.000000
39590.00,27635.00,0,12,48600.000000
40090.00,27635.00,0,12,48600.000000
40590.00,27635.00,0,12,48600.000000
41090.00,27635.00,0,12,48600.000000
41590.00,27635.00,0,12,48600.000000
42090.00,27635.00,0,12,48600.000000
42590.00,27635.00,0,12,48600.000000
43090.00,27635.00,0,12,48600.000000
43590.00,27635.00,0,12,48600.000000
44090.00,27635.00,0,12,48600.000000
44590.00,27635.00,0,12,48600.000000
45090.00,27635.00,0,12,48600.000000
45590.00,27635.00,0,12,48600.000000
46090.00,27635.00,0,12,48600.000000
46590.00,27635.00,0,12,48600.000000
47090.00,27635.00,0,12,48600.000000
47590.00,27635.00,0,12,48600.000000
48090.00,27635.00,0,12,48600.000000
48590.00,27635.00,0,12,48600.000000
49090.00,27635.00,0,12,48600.000000
49590.00,27635.00,0,12,48600.000000
90.00,30135.00,0,13,48600.000000
590.00,30135.00,0,13,48600.000000
1090.00,30135.00,0,13,48600.000000
1590.00,30135.00,0,13,48600.000000
2090.00,30135.00,0,13,48600.000000
2590.00,30135.00,0,13,48600.000000
3090.00,30135.00,0,13,48600.000000
3590.00,30135.00,0,13,48600.000000
4090.00,30135.00,7,13,48600.000000
4590.00,30135.00,19,13,48600.000000
5090.00,30135.00,5,13,48600.000000
5590.00,30135.00,0,13,48600.000000
6090.00,30135.00,0,13,48600.000000
6590.00,30135.00,0,13,48600.000000
7090.00,30135.00,0,13,48600.000000
7590.00,30135.00,0,13,48600.000000
8090.00,30135.00,0,13,48600.000000
8590.00,30135.00,0,13,48600.000000
9090.00,30135.00,0,13,48600.000000
9590.00,30135.00,0,13,48600.000000
10090.00,30135.00,0,13,48600.000000
10590.00,30135.00,0,13,48600.000000
11090.00,30135.00,0,13,48600.000000
11590.00,30135.00,0,13,48600.000000
12090.00,30135.00,0,13,48600.000000
12590.00,30135.00,0,13,48600.000000
13090.00,30135.00,0,13,48600.000000
13590.00,30135.00,0,13,48600.000000
14090.00,30135.00,0,13,48600.000000
14590.00,30135.00,0,13,48600.000000
15090.00,30135.00,0,13,48600.000000
15590.00,30135.00,0,13,48600.000000
16090.00,30135.00,0,13,48600.000000
16590.00,30135.00,0,13,48600.000000
17090.00,30135.00,0,13,48600.000000
17590.00,30135.00,0,13,48600.000000
18090.00,30135.00,0,13,48600.000000
18590.00,30135.00,0,13,48600.000000
19090.00,30135.00,0,13,48600.000000
19590.00,30135.00,47,13,48600.000000
20090.00,30135.00,255,13,48600.000000
20590.00,30135.00,162,13,48600.000000
21090.00,30135.00,280,13,48600.000000
21590.00,30135.00,535,13,48600.000000
22090.00,30135.00,312,13,48600.000000
22590.00,30135.00,163,13,48600.000000
23090.00,30135.00,124,13,48600.000000
23590.00,30135.00,62,13,48600.000000
24090.00,30135.00,0,13,48600.000000
24590.00,30135.00,0,13,48600.000000
25090.00,30135.00,0,13,48600.000000
25590.00,30135.00,0,13,48600.000000
26090.00,30135.00,0,13,48600.000000
26590.00,30135.00,0,13,48600.000000
27090.00,30135.00,0,13,48600.000000
27590.00,30135.00,0,13,48600.000000
28090.00,30135.00,0,13,48600.000000
28590.00,30135.00,0,13,48600.000000
29090.00,30135.00,0,13,48600.000000
29590.00,30135.00,0,13,48600.000000
30090.00,30135.00,0,13,48600.000000
30590.00,30135.00,23,13,48600.000000
31090.00,30135.00,30,13,48600.000000
31590.00,30135.00,54,13,48600.000000
32090.00,30135.00,80,13,48600.000000
32590.00,30135.00,47,13,48600.000000
33090.00,30135.00,0,13,48600.000000
33590.00,30135.00,0,13,48600.000000
34090.00,30135.00,92,13,48600.000000
34590.00,30135.00,93,13,48600.000000
35090.00,30135.00,359,13,48600.000000
35590.00,30135.00,490,13,48600.000000
36090.00,30135.00,100,13,48600.000000
36590.00,30135.00,53,13,48600.000000
37090.00,30135.00,45,13,48600.000000
37590.00,30135.00,34,13,48600.000000
38090.00,30135.00,55,13,48600.000000
38590.00,30135.00,50,13,48600.000000
39090.00,30135.00,182,13,48600.000000
39590.00,30135.00,0,13,48600.000000
40090.00,30135.00,0,13,48600.000000
40590.00,30135.00,0,13,48600.000000
41090.00,30135.00,0,13,48600.000000
41590.00,30135.00,0,13,48600.000000
42090.00,30135.00,0,13,48600.000000
42590.00,30135.00,0,13,48600.000000
43090.00,30135.00,0,13,48600.000000
43590.00,30135.00,0,13,48600.000000
44090.00,30135.00,0,13,48600.000000
44590.00,30135.00,0,13,48600.000000
45090.00,30135.00,0,13,48600.000000
45590.00,30135.00,0,13,48600.000000
46090.00,30135.00,0,13,48600.000000
46590.00,30135.00,0,13,48600.000000
47090.00,30135.00,0,13,48600.000000
47590.00,30135.00,0,13,48600.000000
48090.00,30135.00,0,13,48600.000000
48590.00,30135.00,0,13,48600.000000
49090.00,30135.00,0,13,48600.000000
49590.00,30135.00,0,13,48600.000000
90.00,32635.00,0,14,48600.000000
590.00,32635.00,0,14,48600.000000
1090.00,32635.00,0,14,48600.000000
1590.00,32635.00,0,14,48600.000000
2090.00,32635.00,0,14,48600.000000
2590.00,32635.00,0,14,48600.000000
3090.00,32635.00,0,14,48600.000000
3590.00,32635.00,0,14,48600.000000
4090.00,32635.00,0,14,48600.000000
4590.00,32635.00,0,14,48600.000000
5090.00,32635.00,0,14,48600.000000
5590.00,32635.00,0,14,48600.000000
6090.00,32635.00,0,14,48600.000000
6590.00,32635.00,0,14,48600.000000
7090.00,32635.00,0,14,48600.000000
7590.00,32635.00,0,14,48600.000000
8090.00,32635.00,0,14,48600.000000
8590.00,32635.00,0,14,48600.000000
9090.00,32635.00,0,14,48600.000000
9590.00,32635.00,0,14,48600.000000
10090.00,32635.00,0,14,48600.000000
10590.00,32635.00,0,14,48600.000000
11090.00,32635.00,0,14,48600.000000
11590.00,32635.00,0,14,48600.000000
12090.00,32635.00,0,14,48600.000000
12590.00,32635.00,0,14,48600.000000
13090.00,32635.00,0,14,48600.000000
13590.00,32635.00,0,14,48600.000000
14090.00,32635.00,0,14,48600.000000
14590.00,32635.00,0,14,48600.000000
15090.00,32635.00,0,14,48600.000000
15590.00,32635.00,0,14,48600.000000
16090.00,32635.00,0,14,48600.000000
16590.00,32635.00,0,14,48600.000000
17090.00,32635.00,0,14,48600.000000
17590.00,32635.00,0,14,48600.000000
18090.00,32635.00,0,14,48600.000000
18590.00,32635.00,0,14,48600.000000
19090.00,32635.00,0,14,48600.000000
19590.00,32635.00,161,14,48600.000000
20090.00,32635.00,154,14,48600.000000
20590.00,32635.00,187,14,48600.000000
21090.00,32635.00,126,14,48600.000000
21590.00,32635.00,133,14,48600.000000
22090.00,32635.00,79,14,48600.000000
22590.00,32635.00,65,14,48600.000000
23090.00,32635.00,92,14,48600.000000
23590.00,32635.00,0,14,48600.000000
24090.00,32635.00,0,14,48600.000000
24590.00,32635.00,0,14,48600.000000
25090.00,32635.00,0,14,48600.000000
25590.00,32635.00,0,14,48600.000000
26090.00,32635.00,0,14,48600.000000
26590.00,32635.00,0,14,48600.000000
27090.00,32635.00,0,14,48600.000000
27590.00,32635.00,0,14,48600.000000
28090.00,32635.00,0,14,48600.000000
28590.00,32635.00,0,14,48600.000000
29090.00,32635.00,0,14,48600.000000
29590.00,32635.00,0,14,48600.000000
30090.00,32635.00,0,14,48600.000000
30590.00,32635.00,0,14,48600.000000
31090.00,32635.00,0,14,48600.000000
31590.00,32635.00,0,14,48600.000000
32090.00,32635.00,0,14,48600.000000
32590.00,32635.00,0,14,48600.000000
33090.00,32635.00,0,14,48600.000000
33590.00,32635.00,0,14,48600.000000
34090.00,32635.00,0,14,48600.000000
34590.00,32635.00,0,14,48600.000000
35090.00,32635.00,172,14,48600.000000
35590.00,32635.00,153,14,48600.000000
36090.00,32635.00,105,14,48600.000000
36590.00,32635.00,79,14,48600.000000
37090.00,32635.00,95,14,48600.000000
37590.00,32635.00,39,14,48600.000000
38090.00,32635.00,51,14,48600.000000
38590.00,32635.00,62,14,48600.000000
39090.00,32635.00,0,14,48600.000000
39590.00,32635.00,0,14,48600.000000
40090.00,32635.00,0,14,48600.000000
40590.00,32635.00,0,14,48600.000000
41090.00,32635.00,0,14,48600.000000
41590.00,32635.00,0,14,48600.000000
42090.00,32635.00,0,14,48600.000000
42590.00,32635.00,0,14,48600.000000
43090.00,32635.00,0,14,48600.000000
43590.00,32635.00,0,14,48600.000000
44090.00,32635.00,0,14,48600.000000
44590.00,32635.00,0,14,48600.000000
45090.00,32635.00,0,14,48600.000000
45590.00,32635.00,0,14,48600.000000
46090.00,32635.00,0,14,48600.000000
46590.00,32635.00,0,14,48600.000000
47090.00,32635.00,0,14,48600.000000
47590.00,32635.00,0,14,48600.000000
48090.00,32635.00,0,14,48600.000000
48590.00,32635.00,0,14,48600.000000
49090.00,32635.00,28,14,48600.000000
49590.00,32635.00,39,14,48600.000000
90.00,35135.00,0,15,48600.000000
590.00,35135.00,0,15,48600.000000
1090.00,35135.00,0,15,48600.000000
1590.00,35135.00,0,15,48600.000000
2090.00,35135.00,0,15,48600.000000
2590.00,35135.00,0,15,48600.000000
3090.00,35135.00,0,15,48600.000000
3590.00,35135.00,0,15,48600.000000
4090.00,35135.00,0,15,48600.000000
4590.00,35135.00,0,15,48600.000000
5090.00,35135.00,0,15,48600.000000
5590.00,35135.00,0,15,48600.000000
6090.00,35135.00,0,15,48600.000000
6590.00,35135.00,0,15,48600.000000
7090.00,35135.00,0,15,48600.000000
7590.00,35135.00,0,15,48600.000000
8090.00,35135.00,0,15,48600.000000
8590.00,35135.00,0,15,48600.000000
9090.00,35135.00,0,15,48600.000000
9590.00,35135.00,0,15,48600.000000
10090.00,35135.00,0,15,48600.000000
10590.00,35135.00,0,15,48600.000000
11090.00,35135.00,0,15,48600.000000
11590.00,35135.00,0,15,48600.000000
12090.00,35135.00,0,15,48600.000000
12590.00,35135.00,0,15,48600.000000
13090.00,35135.00,0,15,48600.000000
13590.00,35135.00,0,15,48600.000000
14090.00,35135.00,0,15,48600.000000
14590.00,35135.00,0,15,48600.000000
15090.00,35135.00,0,15,48600.000000
15590.00,35135.00,0,15,48600.000000
16090.00,35135.00,0,15,48600.000000
16590.00,35135.00,1009,15,48600.000000
17090.00,35135.00,211,15,48600.000000
17590.00,35135.00,132,15,48600.000000
18090.00,35135.00,0,15,48600.000000
18590.00,35135.00,0,15,48600.000000
19090.00,35135.00,0,15,48600.000000
19590.00,35135.00,0,15,48600.000000
20090.00,35135.00,0,15,48600.000000
20590.00,35135.00,0,15,48600.000000
21090.00,35135.00,0,15,48600.000000
21590.00,35135.00,0,15,48600.000000
22090.00,35135.00,0,15,48600.000000
22590.00,35135.00,0,15,48600.000000
23090.00,35135.00,0,15,48600.000000
23590.00,35135.00,0,15,48600.000000
24090.00,35135.00,0,15,48600.000000
24590.00,35135.00,0,15,48600.000000
25090.00,35135.00,0,15,48600.000000
25590.00,35135.00,0,15,48600.000000
26090.00,35135.00,0,15,48600.000000
26590.00,35135.00,0,15,48600.000000
27090.00,35135.00,0,15,48600.000000
27590.00,35135.00,0,15,48600.000000
28090.00,35135.00,0,15,48600.000000
28590.00,35135.00,0,15,48600.000000
29090.00,35135.00,0,15,48600.000000
29590.00,35135.00,0,15,48600.000000
30090.00,35135.00,0,15,48600.000000
30590.00,35135.00,0,15,48600.000000
31090.00,35135.00,0,15,48600.000000
31590.00,35135.00,0,15,48600.000000
32090.00,35135.00,0,15,48600.000000
32590.00,35135.00,0,15,48600.000000
33090.00,35135.00,0,15,48600.000000
33590.00,35135.00,0,15,48600.000000
34090.00,35135.00,0,15,48600.000000
34590.00,35135.00,0,15,48600.000000
35090.00,35135.00,0,15,48600.000000
35590.00,35135.00,0,15,48600.000000
36090.00,35135.00,0,15,48600.000000
36590.00,35135.00,0,15,48600.000000
37090.00,35135.00,0,15,48600.000000
37590.00,35135.00,0,15,48600.000000
38090.00,35135.00,0,15,48600.000000
38590.00,35135.00,0,15,48600.000000
39090.00,35135.00,0,15,48600.000000
39590.00,35135.00,0,15,48600.000000
40090.00,35135.00,0,15,48600.000000
40590.00,35135.00,0,15,48600.000000
41090.00,35135.00,0,15,48600.000000
41590.00,35135.00,0,15,48600.000000
42090.00,35135.00,0,15,48600.000000
42590.00,35135.00,0,15,48600.000000
43090.00,35135.00,0,15,48600.000000
43590.00,35135.00,0,15,48600.000000
44090.00,35135.00,0,15,48600.000000
44590.00,35135.00,0,15,48600.000000
45090.00,35135.00,0,15,48600.000000
45590.00,35135.00,0,15,48600.000000
46090.00,35135.00,0,15,48600.000000
46590.00,35135.00,0,15,48600.000000
47090.00,35135.00,0,15,48600.000000
47590.00,35135.00,0,15,48600.000000
48090.00,35135.00,0,15,48600.000000
48590.00,35135.00,0,15,48600.000000
49090.00,35135.00,56,15,48600.000000
49590.00,35135.00,63,15,48600.000000
90.00,37635.00,0,16,48600.000000
590.00,37635.00,0,16,48600.000000
1090.00,37635.00,0,16,48600.000000
1590.00,37635.00,0,16,48600.000000
2090.00,37635.00,0,16,48600.000000
2590.00,37635.00,0,16,48600.000000
3090.00,37635.00,0,16,48600.000000
3590.00,37635.00,0,16,48600.000000
4090.00,37635.00,0,16,48600.000000
4590.00,37635.00,0,16,48600.000000
5090.00,37635.00,0,16,48600.000000
5590.00,37635.00,0,16,48600.000000
6090.00,37635.00,0,16,48600.000000
6590.00,37635.00,0,16,48600.000000
7090.00,37635.00,0,16,48600.000000
7590.00,37635.00,0,16,48600.000000
8090.00,37635.00,0,16,48600.000000
8590.00,37635.00,0,16,48600.000000
9090.00,37635.00,0,16,48600.000000
9590.00,37635.00,0,16,48600.000000
10090.00,37635.00,0,16,48600.000000
10590.00,37635.00,0,16,48600.000000
11090.00,37635.00,0,16,48600.000000
11590.00,37635.00,0,16,48600.000000
12090.00,37635.00,0,16,48600.000000
12590.00,37635.00,0,16,48600.000000
13090.00,37635.00,0,16,48600.000000
13590.00,37635.00,0,16,48600.000000
14090.00,37635.00,0,16,48600.000000
14590.00,37635.00,0,16,48600.000000
15090.00,37635.00,0,16,48600.000000
15590.00,37635.00,0,16,48600.000000
16090.00,37635.00,0,16,48600.000000
16590.00,37635.00,0,16,48600.000000
17090.00,37635.00,0,16,48600.000000
17590.00,37635.00,0,16,48600.000000
18090.00,37635.00,0,16,48600.000000
18590.00,37635.00,0,16,48600.000000
19090.00,37635.00,0,16,48600.000000
19590.00,37635.00,0,16,48600.000000
20090.00,37635.00,0,16,48600.000000
20590.00,37635.00,0,16,48600.000000
21090.00,37635.00,0,16,48600.000000
21590.00,37635.00,0,16,48600.000000
22090.00,37635.00,0,16,48600.000000
22590.00,37635.00,0,16,48600.000000
23090.00,37635.00,0,16,48600.000000
23590.00,37635.00,0,16,48600.000000
24090.00,37635.00,0,16,48600.000000
24590.00,37635.00,0,16,48600.000000
25090.00,37635.00,0,16,48600.000000
25590.00,37635.00,224,16,48600.000000
26090.00,37635.00,194,16,48600.000000
26590.00,37635.00,506,16,48600.000000
27090.00,37635.00,367,16,48600.000000
27590.00,37635.00,82,16,48600.000000
28090.00,37635.00,46,16,48600.000000
28590.00,37635.00,30,16,48600.000000
29090.00,37635.00,5,16,48600.000000
29590.00,37635.00,9,16,48600.000000
30090.00,37635.00,9,16,48600.000000
30590.00,37635.00,20,16,48600.000000
31090.00,37635.00,25,16,48600.000000
31590.00,37635.00,224,16,48600.000000
32090.00,37635.00,172,16,48600.000000
32590.00,37635.00,113,16,48600.000000
33090.00,37635.00,63,16,48600.000000
33590.00,37635.00,0,16,48600.000000
34090.00,37635.00,0,16,48600.000000
34590.00,37635.00,0,16,48600.000000
35090.00,37635.00,0,16,48600.000000
35590.00,37635.00,0,16,48600.000000
36090.00,37635.00,0,16,48600.000000
36590.00,37635.00,0,16,48600.000000
37090.00,37635.00,0,16,48600.000000
37590.00,37635.00,0,16,48600.000000
38090.00,37635.00,0,16,48600.000000
38590.00,37635.00,0,16,48600.000000
39090.00,37635.00,0,16,48600.000000
39590.00,37635.00,0,16,48600.000000
40090.00,37635.00,0,16,48600.000000
40590.00,37635.00,0,16,48600.000000
41090.00,37635.00,0,16,48600.000000
41590.00,37635.00,0,16,48600.000000
42090.00,37635.00,0,16,48600.000000
42590.00,37635.00,0,16,48600.000000
43090.00,37635.00,0,16,48600.000000
43590.00,37635.00,0,16,48600.000000
44090.00,37635.00,0,16,48600.000000
44590.00,37635.00,0,16,48600.000000
45090.00,37635.00,0,16,48600.000000
45590.00,37635.00,0,16,48600.000000
46090.00,37635.00,0,16,48600.000000
46590.00,37635.00,0,16,48600.000000
47090.00,37635.00,0,16,48600.000000
47590.00,37635.00,0,16,48600.000000
48090.00,37635.00,0,16,48600.000000
48590.00,37635.00,0,16,48600.000000
49090.00,37635.00,0,16,48600.000000
49590.00,37635.00,0,16,48600.000000
90.00,40135.00,0,17,48600.000000
590.00,40135.00,0,17,48600.000000
1090.00,40135.00,0,17,48600.000000
1590.00,40135.00,0,17,48600.000000
2090.00,40135.00,0,17,48600.000000
2590.00,40135.00,0,17,48600.000000
3090.00,40135.00,0,17,48600.000000
3590.00,40135.00,0,17,48600.000000
4090.00,40135.00,0,17,48600.000000
4590.00,40135.00,0,17,48600.000000
5090.00,40135.00,0,17,48600.000000
5590.00,40135.00,0,17,48600.000000
6090.00,40135.00,0,17,48600.000000
6590.00,40135.00,0,17,48600.000000
7090.00,40135.00,0,17,48600.000000
7590.00,40135.00,0,17,48600.000000
8090.00,40135.00,0,17,48600.000000
8590.00,40135.00,0,17,48600.000000
9090.00,40135.00,0,17,48600.000000
9590.00,40135.00,0,17,48600.000000
10090.00,40135.00,0,17,48600.000000
10590.00,40135.00,0,17,48600.000000
11090.00,40135.00,0,17,48600.000000
11590.00,40135.00,0,17,48600.000000
12090.00,40135.00,0,17,48600.000000
12590.00,40135.00,0,17,48600.000000
13090.00,40135.00,0,17,48600.000000
13590.00,40135.00,0,17,48600.000000
14090.00,40135.00,0,17,48600.000000
14590.00,40135.00,0,17,48600.000000
15090.00,40135.00,0,17,48600.000000
15590.00,40135.00,0,17,48600.000000
16090.00,40135.00,0,17,48600.000000
16590.00,40135.00,0,17,48600.000000
17090.00,40135.00,0,17,48600.000000
17590.00,40135.00,0,17,48600.000000
18090.00,40135.00,0,17,48600.000000
18590.00,40135.00,0,17,48600.000000
19090.00,40135.00,0,17,48600.000000
19590.00,40135.00,0,17,48600.000000
20090.00,40135.00,0,17,48600.000000
20590.00,40135.00,0,17,48600.000000
21090.00,40135.00,0,17,48600.000000
21590.00,40135.00,0,17,48600.000000
22090.00,40135.00,0,17,48600.000000
22590.00,40135.00,0,17,48600.000000
23090.00,40135.00,0,17,48600.000000
23590.00,40135.00,0,17,48600.000000
24090.00,40135.00,0,17,48600.000000
24590.00,40135.00,0,17,48600.000000
25090.00,40135.00,0,17,48600.000000
25590.00,40135.00,68,17,48600.000000
26090.00,40135.00,61,17,48600.000000
26590.00,40135.00,77,17,48600.000000
27090.00,40135.00,50,17,48600.000000
27590.00,40135.00,33,17,48600.000000
28090.00,40135.00,42,17,48600.000000
28590.00,40135.00,33,17,48600.000000
29090.00,40135.00,23,17,48600.000000
29590.00,40135.00,77,17,48600.000000
30090.00,40135.00,78,17,48600.000000
30590.00,40135.00,130,17,48600.000000
31090.00,40135.00,235,17,48600.000000
31590.00,40135.00,142,17,48600.000000
32090.00,40135.00,110,17,48600.000000
32590.00,40135.00,73,17,48600.000000
33090.00,40135.00,8,17,48600.000000
33590.00,40135.00,0,17,48600.000000
34090.00,40135.00,0,17,48600.000000
34590.00,40135.00,0,17,48600.000000
35090.00,40135.00,0,17,48600.000000
35590.00,40135.00,0,17,48600.000000
36090.00,40135.00,0,17,48600.000000
36590.00,40135.00,0,17,48600.000000
37090.00,40135.00,0,17,48600.000000
37590.00,40135.00,0,17,48600.000000
38090.00,40135.00,0,17,48600.000000
38590.00,40135.00,0,17,48600.000000
39090.00,40135.00,0,17,48600.000000
39590.00,40135.00,0,17,48600.000000
40090.00,40135.00,0,17,48600.000000
40590.00,40135.00,0,17,48600.000000
41090.00,40135.00,0,17,48600.000000
41590.00,40135.00,0,17,48600.000000
42090.00,40135.00,0,17,48600.000000
42590.00,40135.00,0,17,48600.000000
43090.00,40135.00,0,17,48600.000000
43590.00,40135.00,0,17,48600.000000
44090.00,40135.00,0,17,48600.000000
44590.00,40135.00,0,17,48600.000000
45090.00,40135.00,0,17,48600.000000
45590.00,40135.00,0,17,48600.000000
46090.00,40135.00,0,17,48600.000000
46590.00,40135.00,0,17,48600.000000
47090.00,40135.00,0,17,48600.000000
47590.00,40135.00,0,17,48600.000000
48090.00,40135.00,0,17,48600.000000
48590.00,40135.00,0,17,48600.000000
49090.00,40135.00,0,17,48600.000000
49590.00,40135.00,0,17,48600.000000
90.00,42635.00,0,18,48600.000000
590.00,42635.00,0,18,48600.000000
1090.00,42635.00,0,18,48600.000000
1590.00,42635.00,0,18,48600.000000
2090.00,42635.00,0,18,48600.000000
2590.00,42635.00,0,18,48600.000000
3090.00,42635.00,0,18,48600.000000
3590.00,42635.00,0,18,48600.000000
4090.00,42635.00,0,18,48600.000000
4590.00,42635.00,0,18,48600.000000
5090.00,42635.00,0,18,48600.000000
5590.00,42635.00,0,18,48600.000000
6090.00,42635.00,0,18,48600.000000
6590.00,42635.00,0,18,48600.000000
7090.00,42635.00,0,18,48600.000000
7590.00,42635.00,0,18,48600.000000
8090.00,42635.00,0,18,48600.000000
8590.00,42635.00,0,18,48600.000000
9090.00,42635.00,0,18,48600.000000
9590.00,42635.00,0,18,48600.000000
10090.00,42635.00,0,18,48600.000000
10590.00,42635.00,0,18,48600.000000
11090.00,42635.00,0,18,48600.000000
11590.00,42635.00,0,18,48600.000000
12090.00,42635.00,0,18,48600.000000
12590.00,42635.00,114,18,48600.000000
13090.00,42635.00,214,18,48600.000000
13590.00,42635.00,232,18,48600.000000
14090.00,42635.00,690,18,48600.000000
14590.00,42635.00,277,18,48600.000000
15090.00,42635.00,131,18,48600.000000
15590.00,42635.00,92,18,48600.000000
16090.00,42635.00,0,18,48600.000000
16590.00,42635.00,0,18,48600.000000
17090.00,42635.00,0,18,48600.000000
17590.00,42635.00,0,18,48600.000000
18090.00,42635.00,0,18,48600.000000
18590.00,42635.00,0,18,48600.000000
19090.00,42635.00,0,18,48600.000000
19590.00,42635.00,0,18,48600.000000
20090.00,42635.00,0,18,48600.000000
20590.00,42635.00,0,18,48600.000000
21090.00,42635.00,0,18,48600.000000
21590.00,42635.00,0,18,48600.000000
22090.00,42635.00,0,18,48600.000000
22590.00,42635.00,0,18,48600.000000
23090.00,42635.00,0,18,48600.000000
23590.00,42635.00,0,18,48600.000000
24090.00,42635.00,0,18,48600.000000
24590.00,42635.00,0,18,48600.000000
25090.00,42635.00,0,18,48600.000000
25590.00,42635.00,58,18,48600.000000
26090.00,42635.00,113,18,48600.000000
26590.00,42635.00,48,18,48600.000000
27090.00,42635.00,39,18,48600.000000
27590.00,42635.00,32,18,48600.000000
28090.00,42635.00,36,18,48600.000000
28590.00,42635.00,105,18,48600.000000
29090.00,42635.00,66,18,48600.000000
29590.00,42635.00,12,18,48600.000000
30090.00,42635.00,0,18,48600.000000
30590.00,42635.00,0,18,48600.000000
31090.00,42635.00,0,18,48600.000000
31590.00,42635.00,0,18,48600.000000
32090.00,42635.00,0,18,48600.000000
32590.00,42635.00,0,18,48600.000000
33090.00,42635.00,0,18,48600.000000
33590.00,42635.00,0,18,48600.000000
34090.00,42635.00,0,18,48600.000000
34590.00,42635.00,0,18,48600.000000
35090.00,42635.00,0,18,48600.000000
35590.00,42635.00,0,18,48600.000000
36090.00,42635.00,0,18,48600.000000
36590.00,42635.00,0,18,48600.000000
37090.00,42635.00,0,18,48600.000000
37590.00,42635.00,0,18,48600.000000
38090.00,42635.00,0,18,48600.000000
38590.00,42635.00,0,18,48600.000000
39090.00,42635.00,0,18,48600.000000
39590.00,42635.00,0,18,48600.000000
40090.00,42635.00,0,18,48600.000000
40590.00,42635.00,0,18,48600.000000
41090.00,42635.00,0,18,48600.000000
41590.00,42635.00,0,18,48600.000000
42090.00,42635.00,0,18,48600.000000
42590.00,42635.00,0,18,48600.000000
43090.00,42635.00,0,18,48600.000000
43590.00,42635.00,0,18,48600.000000
44090.00,42635.00,0,18,48600.000000
44590.00,42635.00,0,18,48600.000000
45090.00,42635.00,0,18,48600.000000
45590.00,42635.00,0,18,48600.000000
46090.00,42635.00,0,18,48600.000000
46590.00,42635.00,0,18,48600.000000
47090.00,42635.00,0,18,48600.000000
47590.00,42635.00,0,18,48600.000000
48090.00,42635.00,0,18,48600.000000
48590.00,42635.00,0,18,48600.000000
49090.00,42635.00,68,18,48600.000000
49590.00,42635.00,32,18,48600.000000
90.00,45135.00,0,19,48600.000000
590.00,45135.00,0,19,48600.000000
1090.00,45135.00,0,19,48600.000000
1590.00,45135.00,0,19,48600.000000
2090.00,45135.00,0,19,48600.000000
2590.00,45135.00,0,19,48600.000000
3090.00,45135.00,0,19,48600.000000
3590.00,45135.00,0,19,48600.000000
4090.00,45135.00,0,19,48600.000000
4590.00,45135.00,0,19,48600.000000
5090.00,45135.00,0,19,48600.000000
5590.00,45135.00,0,19,48600.000000
6090.00,45135.00,0,19,48600.000000
6590.00,45135.00,0,19,48600.000000
7090.00,45135.00,0,19,48600.000000
7590.00,45135.00,0,19,48600.000000
8090.00,45135.00,0,19,48600.000000
8590.00,45135.00,0,19,48600.000000
9090.00,45135.00,0,19,48600.000000
9590.00,45135.00,0,19,48600.000000
10090.00,45135.00,0,19,48600.000000
10590.00,45135.00,0,19,48600.000000
11090.00,45135.00,0,19,48600.000000
11590.00,45135.00,0,19,48600.000000
12090.00,45135.00,49,19,48600.000000
12590.00,45135.00,80,19,48600.000000
13090.00,45135.00,101,19,48600.000000
13590.00,45135.00,72,19,48600.000000
14090.00,45135.00,101,19,48600.000000
14590.00,45135.00,115,19,48600.000000
15090.00,45135.00,80,19,48600.000000
15590.00,45135.00,171,19,48600.000000
16090.00,45135.00,145,19,48600.000000
16590.00,45135.00,83,19,48600.000000
17090.00,45135.00,73,19,48600.000000
17590.00,45135.00,20,19,48600.000000
18090.00,45135.00,0,19,48600.000000
18590.00,45135.00,0,19,48600.000000
19090.00,45135.00,0,19,48600.000000
19590.00,45135.00,0,19,48600.000000
20090.00,45135.00,0,19,48600.000000
20590.00,45135.00,0,19,48600.000000
21090.00,45135.00,0,19,48600.000000
21590.00,45135.00,0,19,48600.000000
22090.00,45135.00,0,19,48600.000000
22590.00,45135.00,0,19,48600.000000
23090.00,45135.00,0,19,48600.000000
23590.00,45135.00,0,19,48600.000000
24090.00,45135.00,0,19,48600.000000
24590.00,45135.00,0,19,48600.000000
25090.00,45135.00,0,19,48600.000000
25590.00,45135.00,0,19,48600.000000
26090.00,45135.00,0,19,48600.000000
26590.00,45135.00,0,19,48600.000000
27090.00,45135.00,826,19,48600.000000
27590.00,45135.00,745,19,48600.000000
28090.00,45135.00,0,19,48600.000000
28590.00,45135.00,0,19,48600.000000
29090.00,45135.00,0,19,48600.000000
29590.00,45135.00,0,19,48600.000000
30090.00,45135.00,0,19,48600.000000
30590.00,45135.00,0,19,48600.000000
31090.00,45135.00,0,19,48600.000000
31590.00,45135.00,0,19,48600.000000
32090.00,45135.00,0,19,48600.000000
32590.00,45135.00,0,19,48600.000000
33090.00,45135.00,0,19,48600.000000
33590.00,45135.00,0,19,48600.000000
34090.00,45135.00,0,19,48600.000000
34590.00,45135.00,0,19,48600.000000
35090.00,45135.00,0,19,48600.000000
35590.00,45135.00,0,19,48600.000000
36090.00,45135.00,0,19,48600.000000
36590.00,45135.00,0,19,48600.000000
37090.00,45135.00,0,19,48600.000000
37590.00,45135.00,0,19,48600.000000
38090.00,45135.00,0,19,48600.000000
38590.00,45135.00,0,19,48600.000000
39090.00,45135.00,0,19,48600.000000
39590.00,45135.00,0,19,48600.000000
40090.00,45135.00,0,19,48600.000000
40590.00,45135.00,0,19,48600.000000
41090.00,45135.00,0,19,48600.000000
41590.00,45135.00,0,19,48600.000000
42090.00,45135.00,0,19,48600.000000
42590.00,45135.00,0,19,48600.000000
43090.00,45135.00,0,19,48600.000000
43590.00,45135.00,0,19,48600.000000
44090.00,45135.00,0,19,48600.000000
44590.00,45135.00,0,19,48600.000000
45090.00,45135.00,0,19,48600.000000
45590.00,45135.00,0,19,48600.000000
46090.00,45135.00,0,19,48600.000000
46590.00,45135.00,0,19,48600.000000
47090.00,45135.00,0,19,48600.000000
47590.00,45135.00,0,19,48600.000000
48090.00,45135.00,0,19,48600.000000
48590.00,45135.00,82,19,48600.000000
49090.00,45135.00,66,19,48600.000000
49590.00,45135.00,85,19,48600.000000
90.00,47635.00,0,20,48600.000000
590.00,47635.00,0,20,48600.000000
1090.00,47635.00,0,20,48600.000000
1590.00,47635.00,0,20,48600.000000
2090.00,47635.00,0,20,48600.000000
2590.00,47635.00,0,20,48600.000000
3090.00,47635.00,0,20,48600.000000
3590.00,47635.00,0,20,48600.000000
4090.00,47635.00,0,20,48600.000000
4590.00,47635.00,0,20,48600.000000
5090.00,47635.00,0,20,48600.000000
5590.00,47635.00,0,20,48600.000000
6090.00,47635.00,0,20,48600.000000
6590.00,47635.00,0,20,48600.000000
7090.00,47635.00,0,20,48600.000000
7590.00,47635.00,0,20,48600.000000
8090.00,47635.00,0,20,48600.000000
8590.00,47635.00,0,20,48600.000000
9090.00,47635.00,0,20,48600.000000
9590.00,47635.00,0,20,48600.000000
10090.00,47635.00,0,20,48600.000000
10590.00,47635.00,0,20,48600.000000
11090.00,47635.00,0,20,48600.000000
11590.00,47635.00,0,20,48600.000000
12090.00,47635.00,0,20,48600.000000
12590.00,47635.00,26,20,48600.000000
13090.00,47635.00,114,20,48600.000000
13590.00,47635.00,76,20,48600.000000
14090.00,47635.00,121,20,48600.000000
14590.00,47635.00,92,20,48600.000000
15090.00,47635.00,120,20,48600.000000
15590.00,47635.00,179,20,48600.000000
16090.00,47635.00,42,20,48600.000000
16590.00,47635.00,81,20,48600.000000
17090.00,47635.00,77,20,48600.000000
17590.00,47635.00,90,20,48600.000000
18090.00,47635.00,103,20,48600.000000
18590.00,47635.00,0,20,48600.000000
19090.00,47635.00,0,20,48600.000000
19590.00,47635.00,0,20,48600.000000
20090.00,47635.00,0,20,48600.000000
20590.00,47635.00,0,20,48600.000000
21090.00,47635.00,0,20,48600.000000
21590.00,47635.00,0,20,48600.000000
22090.00,47635.00,0,20,48600.000000
22590.00,47635.00,0,20,48600.000000
23090.00,47635.00,0,20,48600.000000
23590.00,47635.00,0,20,48600.000000
24090.00,47635.00,0,20,48600.000000
24590.00,47635.00,0,20,48600.000000
25090.00,47635.00,0,20,48600.000000
25590.00,47635.00,0,20,48600.000000
26090.00,47635.00,0,20,48600.000000
26590.00,47635.00,98,20,48600.000000
27090.00,47635.00,80,20,48600.000000
27590.00,47635.00,97,20,48600.000000
28090.00,47635.00,115,20,48600.000000
28590.00,47635.00,111,20,48600.000000
29090.00,47635.00,96,20,48600.000000
29590.00,47635.00,0,20,48600.000000
30090.00,47635.00,0,20,48600.000000
30590.00,47635.00,0,20,48600.000000
31090.00,47635.00,0,20,48600.000000
31590.00,47635.00,0,20,48600.000000
32090.00,47635.00,0,20,48600.000000
32590.00,47635.00,0,20,48600.000000
33090.00,47635.00,0,20,48600.000000
33590.00,47635.00,0,20,48600.000000
34090.00,47635.00,0,20,48600.000000
34590.00,47635.00,0,20,48600.000000
35090.00,47635.00,0,20,48600.000000
35590.00,47635.00,0,20,48600.000000
36090.00,47635.00,0,20,48600.000000
36590.00,47635.00,0,20,48600.000000
37090.00,47635.00,0,20,48600.000000
37590.00,47635.00,0,20,48600.000000
38090.00,47635.00,0,20,48600.000000
38590.00,47635.00,0,20,48600.000000
39090.00,47635.00,0,20,48600.000000
39590.00,47635.00,0,20,48600.000000
40090.00,47635.00,0,20,48600.000000
40590.00,47635.00,0,20,48600.000000
41090.00,47635.00,0,20,48600.000000
41590.00,47635.00,0,20,48600.000000
42090.00,47635.00,0,20,48600.000000
42590.00,47635.00,0,20,48600.000000
43090.00,47635.00,0,20,48600.000000
43590.00,47635.00,0,20,48600.000000
44090.00,47635.00,0,20,48600.000000
44590.00,47635.00,0,20,48600.000000
45090.00,47635.00,0,20,48600.000000
45590.00,47635.00,0,20,48600.000000
46090.00,47635.00,0,20,48600.000000
46590.00,47635.00,0,20,48600.000000
47090.00,47635.00,0,20,48600.000000
47590.00,47635.00,0,20,48600.000000
48090.00,47635.00,0,20,48600.000000
48590.00,47635.00,38,20,48600.000000
49090.00,47635.00,49,20,48600.000000
49590.00,47635.00,24,20,48600.000000
